Feature,Importance
dias_atraso,0.594229
VAR_314_F,0.029513462
saldo_vencido,0.023465732
VAR_260,0.019590257
VAR_2_nan,0.016055007
VAR_21,0.015205103
segmento_veiculo_motos,0.010892188
previous_appearances,0.010746064
VAR_166,0.010149567
VAR_5,0.009707782
VAR_307_PROXIMO,0.009241619
IDADE,0.008654874
UF_UF_8,0.008447654
VAR_120_PROXIMO,0.007912841
UF_UF_9,0.0078228675
VAR_120_MUITO LONGE,0.0075494833
UF_UF_19,0.0072945766
UF_nan,0.0070082056
UF_UF_4,0.006551591
VAR_2_D,0.006545429
VAR_314_nan,0.0062389
UF_UF_20,0.00596113
UF_UF_26,0.0059326612
UF_UF_3,0.0057755862
VAR_135_E,0.0057333955
UF_UF_24,0.00549593
VAR_114_MEDIO,0.0054601077
VAR_258,0.0054578423
VAR_135_nan,0.0054111006
VAR_114_PROXIMO,0.0053364797
VAR_120_MEDIO,0.0053320816
UF_UF_10,0.0053072087
UF_UF_14,0.005217547
UF_UF_21,0.005202605
UF_UF_15,0.005125422
UF_UF_23,0.005020588
VAR_314_D,0.004991015
VAR_307_MEDIO,0.0049257562
VAR_2_E,0.0048425333
UF_UF_6,0.004738529
UF_UF_12,0.0045625735
VAR_135_C,0.0044576293
UF_UF_7,0.0044531696
UF_UF_5,0.0043942803
UF_UF_17,0.004387495
VAR_135_D,0.0043633482
VAR_314_B,0.0043056323
VAR_307_MUITO LONGE,0.0042598196
UF_UF_18,0.0041158665
UF_UF_13,0.00391381
VAR_314_C,0.0039053496
VAR_114_nan,0.0038496414
VAR_2_C,0.0036596996
VAR_2_B,0.0035894096
UF_UF_2,0.0033766031
UF_UF_1,0.0033290894
VAR_135_B,0.0032079783
UF_UF_16,0.0030726367
segmento_veiculo_pesados,0.0028836755
VAR_120_MUITO PROXIMO,0.0018226355
VAR_114_MUITO PROXIMO,0.0
VAR_114_MUITO LONGE,0.0
UF_UF_25,0.0
VAR_307_nan,0.0
VAR_314_E,0.0
UF_UF_22,0.0
VAR_307_MUITO PROXIMO,0.0
UF_UF_11,0.0
VAR_120_nan,0.0
