Model,Validation MSE,Validation R²,CV Score
Random Forest,0.14241271789864052,0.2389852643595738,0.14241271789864052
XGBoost,0.14118256485767583,0.24555886680941474,0.14118256485767583
