Metric,Out-of-Time
MSE,0.14141464053453462
RMSE,0.3760513801790051
MAE,0.3097056521335519
R²,0.24021196899483432
