Model,Validation Accuracy,Validation F1
Random Forest,0.5848184818481849,0.5627636337510401
XGBoost,0.5938217821782178,0.5913600486204549
Logistic Regression,0.5466666666666666,0.5363674815444223
